bowler,total_runs_conceded,total_balls_bowled,total_wickets,total_overs,economy_rate,average,extras_conceded,bowled,lbw,caught,stumped,run_out,other
A Ashish Reddy,400,270,19,15,8.88888888888889,21.05263157894737,12,6,3,9,0,1,0
A Badoni,12,12,2,1,6.0,6.0,1,0,0,2,0,0,0
A Chandila,245,234,11,9,6.282051282051282,22.272727272727273,2,0,0,9,2,0,0
A Choudhary,144,108,5,12,8.0,28.8,7,0,0,5,0,0,0
A Dananjaya,47,25,0,4,11.28,47.0,1,0,0,0,0,0,0
A Flintoff,106,66,2,10,9.636363636363637,53.0,1,0,0,2,0,0,0
A Kumble,1089,983,49,20,6.646998982706002,22.224489795918366,41,8,4,25,8,4,0
A Mishra,4022,3317,175,20,7.275248718721736,22.982857142857142,105,26,14,98,28,9,0
A Mithun,477,312,8,17,9.173076923076923,59.625,29,2,0,5,0,1,0
A Nehra,2537,1974,121,20,7.711246200607903,20.96694214876033,96,23,5,78,0,15,0
A Nel,31,18,1,3,10.333333333333334,31.0,0,0,0,1,0,0,0
A Nortje,946,706,44,17,8.039660056657224,21.5,42,11,2,30,0,1,0
A Singh,639,486,31,17,7.888888888888889,20.612903225806452,24,6,1,21,0,3,0
A Symonds,694,540,23,20,7.711111111111111,30.17391304347826,29,2,2,14,2,3,0
A Uniyal,67,38,3,5,10.578947368421053,22.333333333333332,3,0,1,1,0,1,0
A Zampa,373,292,21,15,7.664383561643836,17.761904761904763,8,2,1,16,2,0,0
AA Chavan,339,255,8,18,7.976470588235294,42.375,17,1,2,5,0,0,0
AA Jhunjhunwala,130,88,1,13,8.863636363636363,130.0,4,1,0,0,0,0,0
AA Kazi,21,13,1,2,9.692307692307693,21.0,1,0,0,0,0,1,0
AA Noffke,41,25,1,4,9.84,41.0,2,0,0,1,0,0,0
AB Agarkar,1174,820,33,20,8.590243902439026,35.57575757575758,57,5,0,24,0,4,0
AB Dinda,2103,1589,82,20,7.940843297671492,25.646341463414632,94,14,3,52,0,13,0
AB McDonald,263,188,14,15,8.393617021276595,18.785714285714285,4,6,0,5,0,3,0
AC Gilchrist,0,1,1,1,0.0,0.0,0,0,0,1,0,0,0
AC Thomas,416,327,16,14,7.63302752293578,26.0,19,1,0,13,0,2,0
AC Voges,76,56,1,7,8.142857142857142,76.0,2,0,0,0,0,1,0
AD Mascarenhas,365,310,19,16,7.064516129032258,19.210526315789473,8,3,1,15,0,0,0
AD Mathews,1095,807,28,18,8.141263940520446,39.107142857142854,29,6,1,20,0,1,0
AD Russell,2214,1484,99,20,8.951482479784366,22.363636363636363,77,10,3,74,0,10,2
AF Milne,339,217,9,16,9.373271889400922,37.666666666666664,18,1,0,6,0,1,1
AG Murtaza,322,269,12,18,7.182156133828996,26.833333333333332,10,1,2,6,0,3,0
AJ Finch,67,44,1,7,9.136363636363637,67.0,1,0,0,1,0,0,0
AJ Tye,1005,714,48,19,8.445378151260504,20.9375,46,5,1,36,0,6,0
AK Markram,87,61,1,7,8.557377049180328,87.0,1,0,0,1,0,0,0
AL Menaria,144,113,3,11,7.646017699115045,48.0,3,0,0,2,1,0,0
AM Nayar,323,239,9,11,8.10878661087866,35.888888888888886,11,1,0,8,0,0,0
AM Rahane,5,6,1,1,5.0,5.0,0,1,0,0,0,0,0
AM Salvi,205,156,7,15,7.884615384615385,29.285714285714285,10,0,1,6,0,0,0
AN Ahmed,515,362,15,19,8.535911602209945,34.333333333333336,29,3,1,8,0,3,0
AP Dole,114,73,5,9,9.36986301369863,22.8,8,2,0,3,0,0,0
AR Patel,3140,2599,109,20,7.24894190073105,28.807339449541285,80,26,5,59,10,8,1
AS Joseph,358,240,14,15,8.95,25.571428571428573,15,5,0,8,0,1,0
AS Rajpoot,844,567,24,19,8.931216931216932,35.166666666666664,59,3,2,19,0,0,0
AS Raut,45,30,0,4,9.0,45.0,1,0,0,0,0,0,0
AS Roy,66,57,2,8,6.947368421052632,33.0,3,0,0,2,0,0,0
AU Rashid,35,18,0,3,11.666666666666666,35.0,0,0,0,0,0,0,0
AUK Pathan,63,41,0,6,9.219512195121952,63.0,2,0,0,0,0,0,0
Abdul Samad,113,55,2,6,12.327272727272728,56.5,1,0,0,2,0,0,0
Abdur Razzak,29,14,0,2,12.428571428571427,29.0,2,0,0,0,0,0,0
Abhishek Sharma,218,161,7,12,8.124223602484472,31.142857142857142,9,0,2,4,1,0,0
Akash Deep,206,119,6,12,10.38655462184874,34.333333333333336,7,1,0,4,0,1,0
Akash Singh,39,24,0,4,9.75,39.0,0,0,0,0,0,0,0
Aman Hakim Khan,13,6,0,1,13.0,13.0,0,0,0,0,0,0,0
Anand Rajan,206,162,10,15,7.62962962962963,20.6,18,1,1,6,0,2,0
Ankit Sharma,453,375,12,16,7.248,37.75,10,2,2,8,0,0,0
Ankit Soni,145,112,4,10,7.767857142857142,36.25,4,0,1,1,0,2,0
Anureet Singh,636,430,21,19,8.874418604651162,30.285714285714285,31,6,0,12,0,3,0
Arshdeep Singh,1086,803,46,19,8.114570361145702,23.608695652173914,66,8,0,32,0,6,0
Avesh Khan,1190,868,51,20,8.225806451612904,23.333333333333332,52,12,1,34,0,3,0
Azhar Mahmood,707,552,31,20,7.684782608695652,22.806451612903224,22,3,4,22,0,2,0
B Akhil,246,193,7,13,7.647668393782384,35.142857142857146,9,1,0,4,1,1,0
B Chipli,20,6,0,1,20.0,20.0,0,0,0,0,0,0,0
B Geeves,91,49,2,6,11.142857142857144,45.5,1,0,0,1,0,1,0
B Kumar,4064,3384,165,20,7.205673758865248,24.63030303030303,202,36,9,108,1,11,0
B Laughlin,284,179,10,14,9.5195530726257,28.4,13,1,0,9,0,0,0
B Lee,1126,916,30,18,7.3755458515283845,37.53333333333333,67,6,0,19,0,5,0
B Stanlake,200,150,7,13,8.0,28.571428571428573,6,1,0,6,0,0,0
BA Bhatt,408,303,13,19,8.07920792079208,31.384615384615383,12,1,2,9,0,1,0
BA Stokes,1005,717,31,18,8.410041841004183,32.41935483870968,56,7,0,21,0,3,0
BAW Mendis,306,248,9,17,7.403225806451612,34.0,7,0,1,7,0,1,0
BB Sran,767,516,20,19,8.918604651162791,38.35,40,2,0,16,0,1,1
BCJ Cutting,430,288,12,18,8.958333333333334,35.833333333333336,8,3,0,7,0,2,0
BE Hendricks,239,157,11,12,9.13375796178344,21.727272727272727,10,1,0,8,0,2,0
BJ Hodge,310,238,18,11,7.815126050420169,17.22222222222222,8,4,0,13,0,1,0
BJ Rohrer,12,7,0,1,10.285714285714285,12.0,1,0,0,0,0,0,0
BMAJ Mendis,36,30,1,4,7.2,36.0,0,0,0,0,1,0,0
BW Hilfenhaus,497,390,23,16,7.6461538461538465,21.608695652173914,29,5,1,16,0,1,0
Basil Thampi,862,539,26,19,9.595547309833025,33.15384615384615,29,4,4,14,0,4,0
Bipul Sharma,581,436,22,18,7.9954128440366965,26.40909090909091,18,2,1,13,1,5,0
C Ganapathy,13,6,0,1,13.0,13.0,0,0,0,0,0,0,0
C Munro,15,12,0,1,7.5,15.0,0,0,0,0,0,0,0
C Nanda,58,50,2,8,6.959999999999999,29.0,3,0,0,2,0,0,0
C Sakariya,521,405,17,16,7.718518518518518,30.647058823529413,35,2,0,15,0,0,0
C de Grandhomme,323,230,7,13,8.426086956521738,46.142857142857146,18,0,1,5,0,1,0
CH Gayle,755,584,19,20,7.756849315068494,39.73684210526316,46,5,2,8,3,1,0
CH Morris,2377,1801,107,20,7.91893392559689,22.214953271028037,115,22,6,68,0,11,0
CJ Anderson,525,315,14,19,10.0,37.5,25,0,1,10,0,3,0
CJ Dala,34,19,0,3,10.736842105263158,34.0,1,0,0,0,0,0,0
CJ Green,24,17,0,3,8.470588235294118,24.0,0,0,0,0,0,0,0
CJ Jordan,870,577,33,20,9.04679376083189,26.363636363636363,51,6,0,21,0,6,0
CJ McKay,60,42,1,7,8.571428571428571,60.0,0,0,0,1,0,0,0
CK Kapugedera,49,17,0,3,17.294117647058822,49.0,0,0,0,0,0,0,0
CK Langeveldt,199,165,13,13,7.236363636363636,15.307692307692308,15,1,1,11,0,0,0
CL White,86,46,1,6,11.217391304347826,86.0,4,0,0,1,0,0,0
CR Brathwaite,384,266,16,17,8.661654135338345,24.0,16,2,0,11,0,3,0
CR Woakes,674,463,31,17,8.734341252699783,21.741935483870968,35,5,1,24,0,1,0
CRD Fernando,306,249,19,17,7.373493975903615,16.105263157894736,23,2,1,14,0,2,0
CV Varun,1186,992,44,19,7.173387096774193,26.954545454545453,30,10,5,24,3,2,0
D Brevis,8,3,1,1,16.0,8.0,0,0,1,0,0,0,0
D Kalyankrishna,88,50,2,6,10.559999999999999,44.0,3,0,0,2,0,0,0
D Pretorius,213,138,7,11,9.26086956521739,30.428571428571427,15,0,1,5,0,1,0
D Salunkhe,80,51,1,6,9.411764705882353,80.0,6,0,0,0,1,0,0
D Wiese,409,289,17,16,8.491349480968859,24.058823529411764,15,1,1,14,0,1,0
D du Preez,56,43,4,6,7.813953488372093,14.0,1,0,0,4,0,0,0
DA Warner,2,2,0,1,6.0,2.0,1,0,0,0,0,0,0
DAJ Bracewell,32,25,3,4,7.68,10.666666666666666,1,1,0,2,0,0,0
DB Ravi Teja,28,18,1,3,9.333333333333334,28.0,0,0,0,1,0,0,0
DE Bollinger,716,600,43,12,7.16,16.651162790697676,40,8,1,28,0,5,1
DG Nalkande,59,33,2,4,10.727272727272727,29.5,2,0,0,2,0,0,0
DJ Bravo,4436,3296,207,19,8.075242718446601,21.429951690821255,232,21,8,154,0,24,0
DJ Harris,26,18,0,3,8.666666666666666,26.0,0,0,0,0,0,0,0
DJ Hooda,505,359,10,17,8.440111420612814,50.5,14,1,0,8,1,0,0
DJ Hussey,485,323,10,17,9.009287925696594,48.5,12,1,0,6,1,2,0
DJ Mitchell,27,13,0,2,12.461538461538462,27.0,1,0,0,0,0,0,0
DJ Muthuswami,108,84,4,8,7.714285714285714,27.0,3,0,1,3,0,0,0
DJ Thornely,40,44,3,5,5.454545454545455,13.333333333333334,2,0,0,3,0,0,0
DJ Willey,171,127,3,11,8.078740157480315,57.0,5,1,0,2,0,0,0
DJG Sammy,354,244,14,17,8.704918032786885,25.285714285714285,11,5,0,6,0,3,0
DJM Short,23,18,1,3,7.666666666666667,23.0,1,0,0,1,0,0,0
DL Chahar,1739,1385,61,20,7.533574007220216,28.508196721311474,77,11,8,40,0,2,0
DL Vettori,894,785,34,20,6.83312101910828,26.294117647058822,21,7,4,15,2,6,0
DNT Zoysa,100,69,2,6,8.695652173913043,50.0,4,0,0,2,0,0,0
DP Nannes,815,689,38,19,7.097242380261249,21.44736842105263,64,5,2,21,0,10,0
DP Vijaykumar,205,159,4,13,7.735849056603773,51.25,13,0,0,4,0,0,0
DR Sams,528,389,15,19,8.143958868894602,35.2,31,0,1,13,0,1,0
DR Smith,825,557,27,16,8.88689407540395,30.555555555555557,29,8,2,16,0,1,0
DS Kulkarni,2513,1876,91,20,8.03731343283582,27.615384615384617,112,12,2,72,0,5,0
DT Christian,1218,922,40,19,7.926247288503254,30.45,59,8,3,27,0,2,0
DW Steyn,2583,2282,105,19,6.791411042944786,24.6,145,26,6,64,0,8,1
F du Plessis,16,6,0,1,16.0,16.0,0,0,0,0,0,0,0
FA Allen,136,91,2,10,8.967032967032967,68.0,1,0,1,1,0,0,0
FH Edwards,160,150,6,9,6.4,26.666666666666668,15,1,1,3,0,1,0
FY Fazal,20,12,1,1,10.0,20.0,0,0,0,0,0,1,0
Fazalhaq Farooqi,110,76,2,10,8.68421052631579,55.0,4,2,0,0,0,0,0
GB Hogg,585,466,25,16,7.532188841201716,23.4,19,5,2,11,5,2,0
GC Viljoen,229,146,8,15,9.41095890410959,28.625,12,1,1,5,0,1,0
GD McGrath,366,329,14,11,6.674772036474164,26.142857142857142,14,1,1,10,0,2,0
GD Phillips,20,13,1,2,9.230769230769232,20.0,1,0,0,1,0,0,0
GH Vihari,48,43,1,5,6.697674418604651,48.0,2,0,0,1,0,0,0
GHS Garton,136,97,3,10,8.412371134020617,45.333333333333336,8,0,0,3,0,0,0
GJ Maxwell,1087,803,31,18,8.122042341220423,35.064516129032256,24,9,4,14,1,3,0
GR Napier,28,24,1,4,7.0,28.0,1,0,0,1,0,0,0
GS Sandhu,86,48,1,7,10.75,86.0,1,0,0,1,0,0,0
Gagandeep Singh,142,84,3,12,10.142857142857142,47.333333333333336,1,1,0,2,0,0,0
Gurkeerat Singh,97,82,5,9,7.097560975609756,19.4,4,1,0,4,0,0,0
HF Gurney,239,169,7,15,8.485207100591715,34.142857142857146,8,0,2,5,0,0,0
HH Pandya,1566,1103,53,20,8.518585675430643,29.547169811320753,73,5,1,44,0,3,0
HR Shokeen,130,94,2,8,8.297872340425533,65.0,6,0,0,2,0,0,0
HV Patel,2262,1665,106,19,8.151351351351352,21.339622641509433,111,10,7,80,0,9,0
Harbhajan Singh,4101,3496,161,20,7.0383295194508015,25.472049689440993,129,29,8,94,18,11,1
Harmeet Singh,747,574,31,20,7.808362369337979,24.096774193548388,37,6,4,17,0,4,0
Harpreet Brar,379,296,9,15,7.6824324324324325,42.111111111111114,12,3,0,5,1,0,0
Harshit Rana,52,31,1,5,10.064516129032258,52.0,2,0,0,1,0,0,0
I Malhotra,23,6,0,1,23.0,23.0,0,0,0,0,0,0,0
I Sharma,2779,2090,74,20,7.97799043062201,37.554054054054056,154,17,4,51,0,2,0
I Udana,286,182,8,16,9.428571428571429,35.75,12,2,0,6,0,0,0
IC Pandey,609,469,19,17,7.791044776119403,32.05263157894737,18,4,0,14,0,1,0
IC Porel,42,26,1,4,9.692307692307693,42.0,5,0,0,1,0,0,0
IK Pathan,2711,2113,99,20,7.698059630856601,27.383838383838384,120,22,6,52,0,19,0
IS Sodhi,204,182,9,13,6.725274725274725,22.666666666666668,3,1,1,7,0,0,0
Imran Tahir,1729,1340,86,18,7.741791044776119,20.1046511627907,38,16,7,56,3,4,0
Iqbal Abdulla,1125,943,45,20,7.158006362672323,25.0,38,5,6,26,3,5,0
J Botha,818,709,27,20,6.922425952045134,30.296296296296298,29,7,6,9,3,2,0
J Suchith,604,434,20,17,8.350230414746544,30.2,16,3,1,13,2,1,0
J Syed Mohammad,286,196,10,13,8.755102040816327,28.6,7,1,0,6,1,2,0
J Theron,311,235,13,15,7.940425531914894,23.923076923076923,21,5,1,5,0,2,0
J Yadav,421,374,9,16,6.754010695187166,46.77777777777778,10,2,0,6,0,1,0
JA Morkel,2409,1807,96,20,7.998893193137797,25.09375,121,17,7,60,0,11,1
JA Richardson,122,69,3,7,10.608695652173912,40.666666666666664,5,2,0,1,0,0,0
JC Archer,1008,858,47,17,7.048951048951049,21.4468085106383,49,11,2,33,0,1,0
JD Ryder,314,241,11,14,7.817427385892117,28.545454545454547,10,2,0,6,0,3,0
JD Unadkat,2806,1942,99,20,8.66941297631308,28.343434343434343,67,15,1,75,0,7,1
JDP Oram,362,244,13,16,8.901639344262296,27.846153846153847,14,0,0,9,0,4,0
JDS Neesham,342,222,8,14,9.243243243243244,42.75,11,1,0,7,0,0,0
JE Taylor,167,122,6,8,8.213114754098362,27.833333333333332,11,0,0,6,0,0,0
JEC Franklin,225,155,9,12,8.70967741935484,25.0,6,1,0,8,0,0,0
JH Kallis,2348,1799,74,20,7.8310172317954425,31.72972972972973,96,18,6,41,0,9,0
JJ Bumrah,3499,2857,161,20,7.348267413370668,21.732919254658384,160,33,16,99,0,13,0
JJ van der Wath,134,76,3,9,10.578947368421053,44.666666666666664,6,0,0,3,0,0,0
JL Pattinson,321,222,11,13,8.675675675675675,29.181818181818183,10,1,2,8,0,0,0
JM Kemp,58,47,3,8,7.404255319148937,19.333333333333332,6,0,1,2,0,0,0
JO Holder,1199,873,55,19,8.240549828178693,21.8,62,6,2,41,0,6,0
JP Behrendorff,168,117,5,8,8.615384615384615,33.6,6,0,0,5,0,0,0
JP Duminy,847,701,23,20,7.249643366619116,36.82608695652174,31,5,2,15,1,0,0
JP Faulkner,1849,1287,76,20,8.62004662004662,24.32894736842105,90,18,2,41,0,15,0
JPR Scantlebury-Searles,89,45,2,6,11.866666666666667,44.5,3,0,0,2,0,0,0
JR Hazlewood,754,565,33,16,8.007079646017699,22.848484848484848,27,1,2,29,0,1,0
JR Hopes,562,369,14,15,9.138211382113822,40.142857142857146,23,1,1,12,0,0,0
JW Hastings,66,61,3,7,6.491803278688525,22.0,3,1,0,2,0,0,0
Jalaj S Saxena,27,18,0,3,9.0,27.0,0,0,0,0,0,0,0
Jaskaran Singh,174,111,6,11,9.405405405405405,29.0,12,0,1,5,0,0,0
Joginder Sharma,421,272,13,17,9.286764705882353,32.38461538461539,18,3,1,8,0,1,0
K Goel,94,67,0,6,8.417910447761194,94.0,2,0,0,0,0,0,0
K Gowtham,677,486,19,16,8.358024691358025,35.63157894736842,15,5,0,11,2,1,0
K Kartikeya,103,78,5,10,7.923076923076923,20.6,1,1,1,3,0,0,0
K Khejroliya,157,101,3,10,9.326732673267328,52.333333333333336,10,1,1,1,0,0,0
K Rabada,2023,1498,108,20,8.102803738317757,18.73148148148148,88,15,0,87,0,6,0
K Santokie,91,51,3,6,10.705882352941176,30.333333333333332,4,0,0,3,0,0,0
K Upadhyay,81,56,0,7,8.678571428571429,81.0,2,0,0,0,0,0,0
K Yadav,17,12,0,2,8.5,17.0,1,0,0,0,0,0,0
KA Jamieson,271,179,9,14,9.083798882681565,30.11111111111111,12,1,0,8,0,0,0
KA Pollard,2200,1586,81,17,8.32282471626734,27.160493827160494,115,5,3,59,1,12,1
KAJ Roach,80,52,0,7,9.230769230769232,80.0,4,0,0,0,0,0,0
KC Cariappa,349,224,8,14,9.348214285714285,43.625,9,1,1,4,2,0,0
KH Pandya,2066,1725,65,20,7.18608695652174,31.784615384615385,75,7,7,42,4,4,1
KJ Abbott,182,102,2,9,10.705882352941176,91.0,8,1,0,1,0,0,0
KK Ahmed,1116,809,51,20,8.276885043263288,21.88235294117647,42,4,1,43,0,2,1
KK Cooper,789,600,36,17,7.89,21.916666666666668,49,10,2,21,0,3,0
KL Nagarkoti,287,185,5,14,9.308108108108108,57.4,7,0,0,5,0,0,0
KM Asif,93,52,4,7,10.730769230769232,23.25,3,0,0,4,0,0,0
KMA Paul,239,180,10,14,7.966666666666667,23.9,19,0,0,9,0,1,0
KMDN Kulasekara,122,107,6,10,6.841121495327103,20.333333333333332,7,1,0,4,0,1,0
KP Appanna,291,222,11,11,7.864864864864865,26.454545454545453,8,1,1,5,2,2,0
KP Pietersen,218,180,9,15,7.266666666666667,24.22222222222222,9,1,1,5,0,2,0
KR Sen,240,157,8,13,9.171974522292993,30.0,9,2,0,6,0,0,0
KS Williamson,31,18,0,3,10.333333333333334,31.0,0,0,0,0,0,0,0
KV Sharma,1645,1239,64,17,7.966101694915254,25.703125,42,5,6,43,5,4,1
KW Richardson,479,345,21,16,8.330434782608696,22.80952380952381,17,2,1,16,0,1,1
Kamran Khan,248,177,14,15,8.40677966101695,17.714285714285715,19,4,0,6,0,4,0
Karanveer Singh,323,213,14,14,9.098591549295774,23.071428571428573,11,1,0,10,1,2,0
Kartik Tyagi,576,388,15,20,8.90721649484536,38.4,33,1,0,13,0,1,0
Kuldeep Yadav,1671,1219,64,18,8.224774405250205,26.109375,37,7,6,39,9,3,0
L Ablish,76,45,5,6,10.133333333333333,15.2,4,2,0,1,0,2,0
L Balaji,2083,1574,85,20,7.940279542566709,24.50588235294118,107,19,1,56,0,9,0
L Ngidi,460,342,28,18,8.070175438596491,16.428571428571427,26,4,1,20,0,3,0
LA Carseldine,6,7,1,1,5.142857142857142,6.0,1,0,0,1,0,0,0
LE Plunkett,228,154,4,13,8.883116883116882,57.0,7,1,0,3,0,0,0
LH Ferguson,1093,805,46,20,8.146583850931677,23.76086956521739,53,8,2,28,0,8,0
LI Meriwala,32,19,1,3,10.105263157894738,32.0,1,0,0,1,0,0,0
LJ Wright,125,75,2,8,10.0,62.5,5,0,0,2,0,0,0
LMP Simmons,34,18,1,3,11.333333333333334,34.0,0,1,0,0,0,0,0
LPC Silva,21,6,0,1,21.0,21.0,0,0,0,0,0,0,0
LR Shukla,458,326,17,15,8.429447852760736,26.941176470588236,20,5,2,8,0,2,0
LRPL Taylor,24,13,0,2,11.076923076923078,24.0,1,0,0,0,0,0,0
LS Livingstone,215,150,6,11,8.6,35.833333333333336,6,0,0,5,1,0,0
Lalit Yadav,253,194,8,15,7.824742268041237,31.625,3,3,0,5,0,0,0
M Ashwin,1129,873,35,19,7.759450171821306,32.25714285714286,42,8,3,23,1,0,0
M Jansen,325,241,10,13,8.091286307053942,32.5,19,2,0,7,0,1,0
M Kartik,1418,1182,39,18,7.197969543147208,36.35897435897436,56,4,3,20,4,8,0
M Manhas,42,42,0,7,6.0,42.0,0,0,0,0,0,0,0
M Markande,522,365,17,11,8.580821917808219,30.705882352941178,13,4,4,7,2,0,0
M Morkel,2136,1699,88,19,7.543260741612713,24.272727272727273,100,17,2,58,0,11,0
M Muralitharan,1765,1581,67,19,6.698292220113852,26.34328358208955,96,13,9,36,6,3,0
M Ntini,257,213,8,13,7.23943661971831,32.125,12,4,0,3,0,1,0
M Pathirana,56,48,2,5,7.0,28.0,11,0,1,1,0,0,0
M Prasidh Krishna,1741,1231,54,20,8.48578391551584,32.24074074074074,98,7,4,39,0,4,0
M Theekshana,267,212,12,14,7.556603773584905,22.25,5,3,2,7,0,0,0
M Vijay,49,37,0,6,7.945945945945946,49.0,1,0,0,0,0,0,0
M de Lange,171,116,6,10,8.844827586206897,28.5,10,2,0,3,0,1,0
MA Khote,52,30,2,4,10.4,26.0,1,0,0,2,0,0,0
MA Starc,725,612,39,18,7.107843137254902,18.58974358974359,56,15,2,17,0,5,0
MA Wood,50,25,0,4,12.0,50.0,2,0,0,0,0,0,0
MB Parmar,33,19,0,3,10.421052631578949,33.0,1,0,0,0,0,0,0
MC Henriques,1302,979,46,20,7.9795709908069465,28.304347826086957,38,5,1,36,0,4,0
MF Maharoof,532,441,33,20,7.238095238095238,16.12121212121212,33,5,2,20,0,6,0
MG Johnson,1740,1301,66,20,8.024596464258263,26.363636363636363,88,12,1,49,0,4,0
MG Neser,62,25,0,4,14.879999999999999,62.0,1,0,0,0,0,0,0
MJ Clarke,72,66,3,6,6.545454545454546,24.0,2,1,0,1,0,1,0
MJ Henry,71,31,2,4,13.741935483870966,35.5,1,0,0,1,0,1,0
MJ McClenaghan,1839,1346,75,20,8.197622585438335,24.52,99,9,3,58,0,4,1
MJ Santner,282,244,10,16,6.9344262295081975,28.2,6,0,0,10,0,0,0
MK Lomror,92,73,1,7,7.561643835616438,92.0,1,0,0,0,1,0,0
MK Tiwary,83,45,1,5,11.066666666666666,83.0,3,0,0,1,0,0,0
MM Ali,631,564,29,17,6.712765957446808,21.75862068965517,14,6,4,14,0,5,0
MM Patel,1733,1382,82,20,7.523878437047757,21.134146341463413,49,12,4,57,1,8,0
MM Sharma,2488,1795,100,20,8.316434540389972,24.88,59,21,4,67,0,8,0
MN Samuels,285,219,10,18,7.808219178082192,28.5,6,2,0,7,0,1,0
MP Stoinis,1072,675,35,20,9.528888888888888,30.62857142857143,38,6,0,28,0,1,0
MR Marsh,528,407,24,17,7.783783783783784,22.0,22,2,1,21,0,0,0
MS Gony,1317,925,39,20,8.542702702702703,33.76923076923077,55,12,1,24,0,2,0
Mandeep Singh,26,12,0,2,13.0,26.0,0,0,0,0,0,0,0
Mashrafe Mortaza,59,28,1,4,12.642857142857142,59.0,5,0,0,0,0,1,0
Mohammad Asif,307,199,9,13,9.256281407035177,34.111111111111114,14,2,0,6,0,1,0
Mohammad Hafeez,71,63,2,7,6.761904761904762,35.5,6,1,0,0,1,0,0
Mohammad Nabi,417,345,13,18,7.252173913043478,32.07692307692308,8,3,0,9,1,0,0
Mohammed Shami,2954,2118,116,20,8.36827195467422,25.46551724137931,117,25,9,65,0,17,0
Mohammed Siraj,1992,1402,61,20,8.524964336661911,32.65573770491803,96,12,3,44,0,1,1
Mohsin Khan,202,206,14,12,5.883495145631067,14.428571428571429,10,1,0,13,0,0,0
Monu Kumar,20,16,0,2,7.5,20.0,4,0,0,0,0,0,0
Mujeeb Ur Rahman,598,452,20,18,7.938053097345133,29.9,23,4,1,13,1,1,0
Mukesh Choudhary,425,291,16,15,8.762886597938145,26.5625,19,3,2,11,0,0,0
Mustafizur Rahman,1389,1086,55,20,7.6740331491712706,25.254545454545454,55,10,1,35,0,9,0
N Rana,178,131,7,12,8.15267175572519,25.428571428571427,5,2,1,3,1,0,0
NB Singh,18,25,1,4,4.319999999999999,18.0,4,0,0,1,0,0,0
ND Doshi,79,57,2,10,8.31578947368421,39.5,1,1,0,1,0,0,0
NJ Rimmington,20,18,0,3,6.666666666666667,20.0,1,0,0,0,0,0,0
NL McCullum,35,30,0,5,7.0,35.0,1,0,0,0,0,0,0
NLTC Perera,1031,715,37,20,8.651748251748252,27.864864864864863,28,6,1,24,0,6,0
NM Coulter-Nile,1125,892,52,20,7.567264573991032,21.634615384615383,54,8,3,36,0,4,1
NT Ellis,148,108,5,9,8.222222222222221,29.6,9,0,0,4,0,1,0
Navdeep Saini,928,657,23,20,8.474885844748858,40.34782608695652,41,3,0,18,0,2,0
O Thomas,85,63,5,8,8.095238095238095,17.0,8,0,0,5,0,0,0
OC McCoy,242,173,11,12,8.39306358381503,22.0,19,3,0,8,0,0,0
OF Smith,179,95,7,11,11.305263157894736,25.571428571428573,6,0,0,6,0,1,0
P Amarnath,241,132,7,11,10.954545454545455,34.42857142857143,5,1,0,6,0,0,0
P Awana,1046,774,43,20,8.108527131782946,24.325581395348838,41,7,1,31,0,4,0
P Dubey,72,48,0,6,9.0,72.0,0,0,0,0,0,0,0
P Kumar,3342,2637,102,20,7.604095563139932,32.76470588235294,185,14,5,71,0,12,0
P Negi,954,733,38,17,7.80900409276944,25.105263157894736,29,5,0,24,5,3,1
P Parameswaran,226,159,9,16,8.528301886792454,25.11111111111111,7,1,0,8,0,0,0
P Prasanth,18,6,0,1,18.0,18.0,0,0,0,0,0,0,0
P Ray Barman,56,24,0,4,14.0,56.0,0,0,0,0,0,0,0
P Sahu,152,107,3,9,8.52336448598131,50.666666666666664,5,0,1,1,1,0,0
P Suyal,154,107,2,10,8.63551401869159,77.0,14,0,0,2,0,0,0
PC Valthaty,207,153,7,13,8.117647058823529,29.571428571428573,4,1,1,5,0,0,0
PD Collingwood,101,90,5,10,6.733333333333333,20.2,1,1,0,4,0,0,0
PH Solanki,39,36,2,4,6.5,19.5,1,0,0,2,0,0,0
PJ Cummins,1405,995,48,20,8.472361809045225,29.270833333333332,70,12,2,31,0,3,0
PJ Sangwan,1267,905,44,20,8.4,28.795454545454547,68,5,1,32,0,6,0
PM Sarvesh Kumar,42,31,1,5,8.129032258064516,42.0,1,0,0,1,0,0,0
PP Chawla,4368,3309,165,20,7.9202175883952854,26.472727272727273,67,43,17,81,16,8,0
PP Ojha,2399,1945,99,20,7.40051413881748,24.232323232323232,87,15,5,57,12,10,0
PV Tambe,866,674,28,17,7.70919881305638,30.928571428571427,25,3,5,17,3,0,0
PVD Chameera,393,278,11,17,8.482014388489208,35.72727272727273,19,1,0,8,0,2,0
PWH de Silva,499,382,27,15,7.837696335078534,18.48148148148148,10,4,4,16,2,1,0
Pankaj Singh,472,311,11,16,9.106109324758842,42.90909090909091,15,2,0,9,0,0,0
Parvez Rasool,273,200,4,14,8.19,68.25,4,1,0,3,0,0,0
R Ashwin,4596,4024,174,20,6.852882703777336,26.413793103448278,174,27,17,104,9,17,0
R Bhatia,2059,1661,82,16,7.437688139674895,25.109756097560975,56,19,6,46,0,11,0
R Dhawan,819,632,26,18,7.775316455696203,31.5,41,5,3,16,0,2,0
R McLaren,558,372,14,20,9.0,39.857142857142854,30,4,0,8,0,2,0
R Ninan,65,36,3,4,10.833333333333334,21.666666666666668,0,0,0,3,0,0,0
R Parag,280,162,5,11,10.37037037037037,56.0,5,0,0,4,0,1,0
R Powell,17,7,0,1,14.571428571428571,17.0,1,0,0,0,0,0,0
R Rampaul,319,278,17,17,6.884892086330935,18.764705882352942,17,1,1,14,0,1,0
R Sai Kishore,122,98,6,11,7.469387755102042,20.333333333333332,3,0,0,5,1,0,0
R Sanjay Yadav,23,14,0,2,9.857142857142856,23.0,2,0,0,0,0,0,0
R Sathish,233,144,6,13,9.708333333333334,38.833333333333336,6,1,0,2,0,3,0
R Sharma,1100,935,42,18,7.0588235294117645,26.19047619047619,17,8,8,22,2,2,0
R Shepherd,98,57,4,9,10.31578947368421,24.5,3,0,0,3,0,1,0
R Shukla,217,130,7,14,10.015384615384615,31.0,16,3,0,2,0,2,0
R Tewatia,1102,852,36,14,7.76056338028169,30.61111111111111,28,2,2,22,6,3,1
R Vinay Kumar,3041,2186,127,20,8.346752058554438,23.944881889763778,97,13,6,86,0,22,0
RA Jadeja,4114,3262,141,20,7.5671367259350095,29.177304964539008,99,34,13,77,8,9,0
RA Shaikh,11,6,0,1,11.0,11.0,0,0,0,0,0,0,0
RA Tripathi,12,6,0,1,12.0,12.0,0,0,0,0,0,0,0
RD Chahar,1497,1207,58,18,7.441590720795361,25.810344827586206,39,7,3,39,8,1,0
RE van der Merwe,515,455,25,18,6.791208791208792,20.6,23,5,4,11,1,4,0
RG More,63,37,1,6,10.216216216216216,63.0,3,0,0,1,0,0,0
RG Sharma,462,349,16,19,7.9426934097421205,28.875,16,5,0,9,1,1,0
RJ Harris,1085,865,47,20,7.526011560693642,23.085106382978722,59,8,4,33,0,2,0
RJ Peterson,70,48,3,5,8.75,23.333333333333332,0,0,0,3,0,0,0
RN ten Doeschate,94,83,3,7,6.795180722891566,31.333333333333332,5,0,0,2,0,1,0
RP Meredith,412,289,14,19,8.55363321799308,29.428571428571427,26,1,0,11,0,2,0
RP Singh,2417,1874,100,20,7.738527214514408,24.17,145,25,5,60,0,10,0
RR Bhatkal,35,12,0,2,17.5,35.0,0,0,0,0,0,0,0
RR Bose,24,12,0,2,12.0,24.0,0,0,0,0,0,0,0
RR Powar,538,443,15,18,7.286681715575622,35.86666666666667,25,5,0,6,2,2,0
RR Raje,214,144,7,13,8.916666666666666,30.571428571428573,7,2,0,4,0,1,0
RS Bopara,301,213,13,12,8.47887323943662,23.153846153846153,12,2,0,9,0,2,0
RS Gavaskar,8,6,0,1,8.0,8.0,0,0,0,0,0,0,0
RV Gomez,130,97,6,9,8.041237113402062,21.666666666666668,2,2,1,2,0,1,0
RV Patel,22,20,0,3,6.6,22.0,2,0,0,0,0,0,0
RW Price,33,18,0,3,11.0,33.0,0,0,0,0,0,0,0
Ramandeep Singh,55,41,6,6,8.048780487804878,9.166666666666666,6,0,0,6,0,0,0
Rashid Khan,2411,2232,119,19,6.481182795698925,20.26050420168067,66,28,28,51,5,7,0
Rasikh Salam,70,51,0,7,8.235294117647058,70.0,3,0,0,0,0,0,0
Ravi Bishnoi,1083,878,41,15,7.400911161731207,26.414634146341463,44,12,3,21,1,4,0
S Aravind,1057,788,48,20,8.048223350253807,22.020833333333332,40,8,2,35,0,3,0
S Badree,329,263,11,15,7.505703422053232,29.90909090909091,10,3,2,6,0,0,0
S Dhawan,72,49,4,6,8.816326530612246,18.0,4,1,0,3,0,0,0
S Dube,176,111,5,11,9.513513513513514,35.2,8,1,0,3,0,1,0
S Gopal,1291,958,50,18,8.085594989561587,25.82,18,5,2,36,6,1,0
S Kaul,1772,1238,63,20,8.588045234248789,28.126984126984127,52,12,2,44,0,5,0
S Kaushik,304,210,6,15,8.685714285714285,50.666666666666664,10,0,0,6,0,0,0
S Ladda,225,141,5,13,9.574468085106384,45.0,4,1,0,2,2,0,0
S Lamichhane,297,211,14,14,8.445497630331754,21.214285714285715,3,0,3,8,2,1,0
S Midhun,29,13,0,2,13.384615384615385,29.0,2,0,0,0,0,0,0
S Nadeem,1800,1444,54,20,7.4792243767313025,33.333333333333336,45,9,4,31,4,6,0
S Narwal,203,113,6,13,10.778761061946904,33.833333333333336,8,1,0,4,0,1,0
S Rana,18,16,0,3,6.75,18.0,0,0,0,0,0,0,0
S Randiv,223,180,8,14,7.433333333333334,27.875,6,0,0,4,2,2,0
S Sandeep Warrier,135,106,2,5,7.641509433962264,67.5,5,0,0,2,0,0,0
S Sreesanth,1221,947,43,20,7.736008447729672,28.3953488372093,84,7,4,27,0,2,3
S Sriram,49,18,0,3,16.333333333333332,49.0,0,0,0,0,0,0,0
S Tyagi,304,220,6,12,8.290909090909091,50.666666666666664,17,2,0,4,0,0,0
S Vidyut,22,13,1,2,10.153846153846155,22.0,1,0,0,1,0,0,0
SA Abbott,104,59,1,7,10.576271186440678,104.0,5,0,0,1,0,0,0
SA Yadav,8,6,0,1,8.0,8.0,0,0,0,0,0,0,0
SB Bangar,221,153,6,14,8.666666666666666,36.833333333333336,5,1,0,3,0,2,0
SB Jakati,1474,1101,50,19,8.032697547683924,29.48,34,10,2,28,7,3,0
SB Joshi,82,55,1,7,8.945454545454545,82.0,0,0,0,1,0,0,0
SB Styris,278,222,9,17,7.513513513513513,30.88888888888889,8,0,0,8,0,1,0
SB Wagh,147,108,5,4,8.166666666666666,29.4,11,0,0,5,0,0,0
SC Ganguly,370,280,12,12,7.928571428571429,30.833333333333332,11,4,0,6,0,2,0
SC Kuggeleijn,71,50,2,6,8.52,35.5,2,0,0,2,0,0,0
SD Chitnis,62,38,2,6,9.789473684210527,31.0,4,0,0,2,0,0,0
SE Bond,225,191,9,14,7.068062827225131,25.0,6,1,1,7,0,0,0
SE Rutherford,60,46,1,5,7.826086956521739,60.0,6,0,0,1,0,0,0
SJ Srivastava,444,306,15,17,8.705882352941176,29.6,27,1,0,13,0,1,0
SK Raina,1139,930,30,19,7.348387096774194,37.96666666666667,41,1,4,18,2,5,0
SK Trivedi,1944,1557,73,19,7.491329479768786,26.63013698630137,87,15,2,48,0,8,0
SK Warne,1465,1223,60,17,7.187244480784955,24.416666666666668,45,6,6,37,8,3,0
SL Malinga,3486,2974,188,20,7.032952252858103,18.54255319148936,220,63,11,96,0,18,0
SM Boland,56,43,3,6,7.813953488372093,18.666666666666668,2,0,0,2,0,1,0
SM Curran,1005,681,35,18,8.854625550660794,28.714285714285715,43,5,2,25,0,3,0
SM Harwood,74,67,3,8,6.6268656716417915,24.666666666666668,8,0,0,3,0,0,0
SM Pollock,307,280,13,11,6.578571428571429,23.615384615384617,6,0,1,9,1,2,0
SMSM Senanayake,211,195,9,12,6.492307692307692,23.444444444444443,5,4,3,1,1,0,0
SN Khan,6,2,0,1,18.0,6.0,0,0,0,0,0,0,0
SN Thakur,2371,1650,88,20,8.621818181818181,26.943181818181817,125,5,3,73,0,6,1
SP Narine,3907,3516,171,20,6.667235494880546,22.84795321637427,107,43,22,76,11,19,0
SPD Smith,5,2,0,1,15.0,5.0,0,0,0,0,0,0,0
SR Tendulkar,59,37,0,4,9.567567567567567,59.0,2,0,0,0,0,0,0
SR Watson,2742,2137,107,20,7.698642957416939,25.626168224299064,155,16,2,73,1,15,0
SS Agarwal,42,24,1,4,10.5,42.0,0,0,0,1,0,0,0
SS Cottrell,177,131,6,10,8.106870229007635,29.5,12,1,0,5,0,0,0
SS Iyer,7,6,0,1,7.0,7.0,0,0,0,0,0,0,0
SS Mundhe,6,7,1,1,5.142857142857142,6.0,1,0,0,1,0,0,0
SS Sarkar,34,25,1,4,8.16,34.0,0,1,0,0,0,0,0
ST Jayasuriya,396,301,16,14,7.893687707641196,24.75,10,2,0,10,1,3,0
STR Binny,763,611,28,19,7.4926350245499185,27.25,22,5,2,15,0,5,1
SW Tait,668,534,26,18,7.50561797752809,25.692307692307693,83,5,0,18,0,2,1
Sachin Baby,8,10,3,2,4.8,2.6666666666666665,0,0,0,2,0,1,0
Sandeep Sharma,3046,2399,123,20,7.618174239266361,24.764227642276424,112,23,14,76,1,9,0
Shahbaz Ahmed,478,341,13,16,8.410557184750733,36.76923076923077,14,0,1,12,0,0,0
Shahid Afridi,237,185,9,13,7.686486486486487,26.333333333333332,13,1,2,6,0,0,0
Shakib Al Hasan,1864,1515,71,20,7.3821782178217825,26.253521126760564,50,13,4,37,9,8,0
Shashank Singh,20,13,0,2,9.230769230769232,20.0,1,0,0,0,0,0,0
Shivam Mavi,958,687,33,20,8.366812227074236,29.03030303030303,51,6,0,24,0,3,0
Shivam Sharma,165,114,4,12,8.68421052631579,41.25,0,2,0,2,0,0,0
Shoaib Ahmed,154,103,5,12,8.970873786407767,30.8,3,1,1,3,0,0,0
Shoaib Akhtar,54,46,5,3,7.0434782608695645,10.8,4,0,1,4,0,0,0
Shoaib Malik,87,58,2,5,9.0,43.5,9,0,0,2,0,0,0
Simarjeet Singh,143,113,4,6,7.592920353982302,35.75,7,0,0,4,0,0,0
Sohail Tanvir,275,265,24,12,6.226415094339623,11.458333333333334,27,8,3,11,0,2,0
Sunny Gupta,47,19,0,3,14.842105263157896,47.0,1,0,0,0,0,0,0
Swapnil Singh,90,61,1,6,8.852459016393443,90.0,1,0,0,1,0,0,0
T Henderson,41,36,1,5,6.833333333333333,41.0,1,0,0,1,0,0,0
T Natarajan,1116,793,43,18,8.443883984867592,25.953488372093023,53,12,3,23,0,5,0
T Shamsi,185,120,3,8,9.25,61.666666666666664,4,0,0,2,1,0,0
T Thushara,164,144,10,15,6.833333333333333,16.4,12,1,0,7,0,2,0
TA Boult,2522,1860,99,20,8.135483870967741,25.474747474747474,92,17,9,66,0,7,0
TG Southee,1695,1226,55,20,8.2952691680261,30.818181818181817,84,6,4,35,0,10,0
TK Curran,432,252,13,12,10.285714285714286,33.23076923076923,16,1,0,12,0,0,0
TL Suman,198,152,7,12,7.815789473684211,28.285714285714285,3,0,0,6,0,1,0
TM Dilshan,368,275,5,18,8.02909090909091,73.6,6,1,0,3,1,0,0
TM Head,81,48,3,7,10.125,27.0,0,0,0,1,1,1,0
TP Sudhindra,137,74,1,10,11.108108108108107,137.0,5,0,0,1,0,0,0
TS Mills,349,218,11,17,9.605504587155963,31.727272727272727,15,2,1,8,0,0,0
TU Deshpande,260,153,4,15,10.196078431372548,65.0,11,0,0,4,0,0,0
Tejas Baroka,33,21,0,4,9.428571428571429,33.0,0,0,0,0,0,0,0
Tilak Varma,13,12,0,2,6.5,13.0,0,0,0,0,0,0,0
UT Yadav,4041,2945,153,20,8.232937181663837,26.41176470588235,202,23,10,102,0,18,0
Umar Gul,198,153,14,14,7.764705882352941,14.142857142857142,26,4,3,5,0,2,0
Umran Malik,551,388,25,15,8.52061855670103,22.04,31,8,1,15,0,1,0
V Kohli,371,264,5,13,8.431818181818182,74.2,16,1,0,3,0,1,0
V Pratap Singh,300,211,12,18,8.530805687203792,25.0,11,2,0,8,0,2,0
V Sehwag,236,138,6,13,10.26086956521739,39.333333333333336,3,2,0,3,1,0,0
V Shankar,344,258,12,14,8.0,28.666666666666668,20,1,0,8,0,3,0
VG Arora,165,110,4,8,9.0,41.25,4,1,0,2,0,1,0
VR Aaron,1527,1065,46,20,8.60281690140845,33.19565217391305,99,6,1,37,0,2,0
VR Iyer,117,78,3,10,9.0,39.0,5,0,0,3,0,0,0
VRV Singh,549,371,16,18,8.878706199460916,34.3125,18,4,0,8,0,4,0
VS Malik,268,212,6,14,7.584905660377358,44.666666666666664,11,0,1,5,0,0,0
VS Yeligati,61,32,0,4,11.4375,61.0,4,0,0,0,0,0,0
VY Mahesh,511,359,22,16,8.540389972144846,23.227272727272727,27,5,0,16,0,1,0
WA Mota,98,75,4,7,7.84,24.5,4,0,0,4,0,0,0
WD Parnell,731,601,31,18,7.29783693843594,23.580645161290324,44,4,2,20,0,4,1
WPUJC Vaas,364,288,22,14,7.583333333333333,16.545454545454547,12,3,2,12,1,4,0
Washington Sundar,1116,928,35,19,7.2155172413793105,31.885714285714286,20,3,3,24,2,2,1
Y Gnaneswara Rao,7,6,0,1,7.0,7.0,0,0,0,0,0,0,0
Y Nagar,125,72,4,6,10.416666666666666,31.25,6,0,0,4,0,0,0
Y Prithvi Raj,57,33,1,5,10.363636363636363,57.0,3,1,0,0,0,0,0
Y Venugopal Rao,338,222,7,16,9.135135135135135,48.285714285714285,7,1,1,4,0,1,0
YA Abdulla,311,222,15,17,8.405405405405405,20.733333333333334,17,4,1,10,0,0,0
YBK Jaiswal,6,1,0,1,36.0,6.0,0,0,0,0,0,0,0
YK Pathan,1443,1184,46,19,7.3125,31.369565217391305,63,10,5,23,4,4,0
YS Chahal,3699,2940,172,20,7.548979591836734,21.50581395348837,132,33,13,104,16,6,0
Yash Dayal,296,205,13,15,8.663414634146342,22.76923076923077,13,0,0,11,0,2,0
Yuvraj Singh,1091,882,39,13,7.421768707482993,27.974358974358974,24,9,2,21,4,3,0
Z Khan,2860,2276,119,20,7.539543057996485,24.03361344537815,132,22,9,71,0,16,1
